allyiah, aleah, alia, aleeya, aaliyah, aleaseya, aliyah, aliya, alea
ahron, aaron, aron, arron
arti, aarti
ayasha, aayesha, ayesha, ayse, ayisha
aba, abony, abos, abod
abbe, abagail, abigayle, abigail, abihail, abbey, abigale, abbie, gail, abilio, abby
abbott, abbot, abba, absa
abbiah, abijah, abia, abiam
abbondazio, abbondio, abundiantus, abbondanzio
abdel, abdone, abdon
abdia, abdiel
abramio, abe, avraham, ibrahim, avrom, bram, abra, braham, abramo, avram, abraham, abran, abram, abie
abel, abele, abell, able, ibila
abelardo, abelard, eberhard
acazia, acatia, acacia
acacio, achazio
acharius, acario
accursio, accursius, accorso
aquila, achilleo, akilleys, achille, achilla, achill, achilles
ackley, ackerley
adah, ada
eda, aline, adeline, elle, adelle, adalia, adalheld, addie, ady, adela, ellie, adele, adara, adailia, addo, ado, della, adalee, etta, adelaide
adair, edgar
adalardo, alart, adelardo
bert, adelberto, bertl, adelbert, adalberto, adalbert, adalbrecht, adi
adelfried, adelfrid, adalfrid, adalfreddo, adalfredo
adelgiese, adalgisal, adalgisa
adelchi, adalgiso
adelhelm, adelmo, adalhelm
adalrich, adalrico, adalricus
adamson, adams, addy, adie, adan, adem, adamah, adamo, adam
adaulfo, adolf, adolfo, adolfus, adolph, adolpho, adolphus, adolphe
addisyn, addi
addison, adison, addisen
dorrie, dolores, deloris, dora, addolorata, delores
dell, adella
adelais, adelasia
aubert, albrecht, elbert, albert, albie, al, alby, bertie, berty, bertel, alberto, albertus
ethelbert, ethel, ethelred
adelphos, aldelfo, adelfio
ademaro, adimaro, hadumar
adina, adenna, adena, adinna
adeodato, adeodatus, adiodato
adisree, adishree
adolpha, adolfina, adolfa
adone, adon
adonne, adona, adonna
adrasto, adrastos
adrienne, age, hatria, adria, adrea, adreena, adri, adrianne, adrianna, adriana
hadrianus, adrien, adrianus, adrie, adrian, adriano, hadrian
affrica, africa
africana, afra, afraate
afro, africano
aphrodite, afrodite, aphrodesia
afton, aftonio
agace, agathe, agatha, aggie, aggy, agata
agapio, agape
annis, neza, agenta, agnesa, agnese, inez, ynez, ynes, ines, nessa, annice, agnes
aglaia, aglaian, aglai
augusto, augustina, gusta, august, augustin, gussy, augusta, gus, augie, gussie, agostino, augustine, augustus, austin, agustin
mohammad, amad, mehmet, muhammed, muhammad, hammed, mohammed, amed, mohamet, hamid, ahmet, ahmad, mahmoud, hamad, mohamad, mehemet, mohamed
leen, aileen, leener
amala, amela, amie, aimelin, amity, amia, amalia, aims, emele, aimee, emelia, amelia, ameilie, aimelyn
aimery, aimory
stanislao, aineislis, stanislavsky, stasio, stan, stanislas, stanislaus, stanislav, stanislaw, stanislau
ainsley, ainsly, ainslee, ainsworth, aynsley
aisling, aislinn
aissa, asa, issa, isa, izza
aiyana, ajana
casey, kasey, akaisha
aksana, axana
ali, allyssa, alissa, alika, lyssa, aliki, allie, allison, alyson, alessa, alison, alyce, ally, alicia, alyse, alyshia, alisha, alisa, alseia, alise, alysha, alice, alexis, alix, alishea, alyssa
alain, allen, alano, allan, alan
alaina, alun, allyn, lani, lane, alli, laina, elaine, laney, alyn, alanna, alana, lanny, alona
elaina, laine, alaine, elayne, elana
alard, allard
alastaire, alastair, alasdair, alister, alaster, alistaire, alistair
sandie, sanders, aleksandr, alejandro, alessandro, sandor, alysander, sandy, sander, alejo, sacha, aleksy, xander, aleksander, sasha, sandro, ixsander, alexander, alexei, alecks, alex, alesandro, aleks, alek, iksander, alexandre, alec
albion, albin, auburn, aubin, alben, albano, alban
alberta, albertina, albertine
alcander, alcindor, alcandor
walcot, walcott, alcott, alcot
alden, aldwin, aldan, aldon
eldred, elder, aldus, elden, alder
aldo, aldous
aldrich, aldrych, aldren, aldred, aldridge
allida, aletta, lida, aleda, allidia, alidia, alette, alida
alesandra, alexandria, alexa, alejanda, elke, lexie, lexy, sandra, axelia, alley, aleksey, sanie, zandra, allesandra, alexina, alexandrina, alexandra, alexine, alessandra, aleka, alya
olena, alena
eileen, evel, avalina, evalyn, evelyn, ilene, aveline, evilio, alene, avelina, eveline, eilen, evette, evelina, avaline, evalina
alesti, les
alithea, althea, alethea, thea
alexavia, lexa, xavia
alf, elfred, fred, freddie, alfredo, alfrid, alfric, alfred, alfie
alonza, alonso, alonzo, alfonso, alphonso, alfons, alphonse, alfonse
elger, alger, elgar
algernon, algie
allihmyir, alimaia, almaye, ameerah, amira, almaia, almira
ilse, aliza, elyse, elsbeth, elisabeth, isabel, liza, lisbeth, bess, elise, lizzy, libby, arlisa, arlise, betsy, liz, betty, bettie, elizabeth, lizzie, elsa, beth, isabella, elysia, bette, isabelle, elpeth, elsie, ellyzabeth, eliza
llaynie, allayna
allston, allegra
ariela, ariele, arial, ario, ariella, ariel, arielle, rel, aryel, ari
loise, liusadh, eloisa, luane, lulu, lois, louisa, louise, aloysia, lu, luise, luwana, loyce, eloise, luana, lou, lisette, lulie, luisa, louisiana, ouise, ouisa
alston, alton
alvin, alwyn
maibelle, amabel, maybelle, mabel, mabella, mabry, maybelline
amadeus, amado, amadis
amadi, birth
aman, amandeep
mandie, mandy, mandi, amanda
mara, amara, amarande
amber, ambria, ria, ambert, bria
amberleigh, amberley, amberlie
ambrosia, ambrose
ameer, amir
amina, amena
ammon, eamon, amon, edmund, eammon
amory, emery, emory
amreeta, amrita
anja, ana, ann, annys, nanette, ilana, ilani, annette, anne, anushka, anna, anya, annika, anneka, anitia, anuschka, lana, anika, anca, iyana, annie, anita
anar, anaar
annabel, belle, annabella, bella, annabelle, anabelle, anabel
annabeth, anabeth
anaya, anaia
annalynne, annalisa, analynne, analyn, annalynn
anand, ananda
anastace, anastasius, stasa, tasha, stacia, tasia, anstasie, stacy, anastasia, anastice, anastasio, stacey, natasha
anatole, anatoly
anselmo, lance, ansel, anselme, ancelot, lancelot, ancell, ancel, launcelot, anselm
andie, andreas, andres, andrey, andrew, drew, andros, andre, anderson, andrei, andy, andrews, anders, andrea, andries, andrys
zandria, andra, andria
raya, ray, andraya, rai
neya, aneya
angelica, ange, angell, angelic, angel, anjelica, angela, angelina, angie
angelus, angevin
angelo, angelico
ani, neats, anitra
anisa, anissa
anka, anki, ank, raida, ankareeda
lan, lanna, aussi, ausiana, aussie, liannaka
bethel, betheny, bethany, bethesda, bethannie, bethanie
asher, ashe, ashbel, anschel, asser
ansen, hanson, anson, hansen, ansonia
anthony, antony, tone, antone, toni, anton, nee, antonius, tonio, antonio, anthoney, anth, tee, tony, tonie, antoine, toney
toinette, antonia, antonella, tonya, tonia, antonellina, antoinetta, antoinette
apryl, aprille, avril, ava, april
arabel, arabella, arabelle
minta, araminta, mint, mintha
archie, arkady, archibald, archy, arky, arch
ardis, arden, ardon
aria, rianna, ariyaunna, ariana, arianna, arianne, ariadne
ariah, arie
arly, arleigh, arlyss, arland, arlen, arlo, arliss, arlie, arles
arlette, arleine, arlyn, arlynn, arleen, arlene, arline
armando, armande, armond, hermann, arman, herman, armand
arnaldo, arnell, arnaud, arnault, arnold, arnald, arne, arnot, arness, arno, arnie, arnel
aroha, aroa
arta, art, arthus, arte, d'artagnan
artemus, artie, artemis
arty, arthie, arthur, artu, arturo
ashli, ashby, ashling, ashley, ashi, ashlin, ashlie, ashlan, ashleigh, ashford, ashlyn, ash
ashes, ashamed
fantasia, asia, fanta
paro, asparouh, pouro
astyr, asta, astrid, astera, astred
austen, astin
athene, atena, athena
avery, athol
tray, atrayl
atrius, atrus
attisa, attis, attisian
audra, audrey, audie, audey, audery, audry
pallid, pale, audlin
aurelie, aurea, aurilia, aurelia
aurilius, aurilio, aurelius, aurelio
aurora, aurore
evonne, evie, avaset, eva, ewa, evacsa, eve, evy, evita, ev
averi, aves, ave
haverl, everill, everil, haverhil, averell, averill, averil
aviva, avivah, avital, avi, avia
axel, axtel
linn, ayelin, ayla
aylen, chaylen
zaylin, zayla, aylin
azrael, azzie, azadeh, oz, az, ozzie
aza, azland, azalyn
azaria, azalia
ezio, azio
aziza, azy, azize
azure, azura
bari, bar, ba
barbra, bararella, barbie, barbs, babs, barb, bobbie, barby, babette, barbara
bahar, baharak
bailey, bayley, bailee, baily, baylor
bayless, baird, bard, bayard
jiji, baji
baxter, baker, baxley
baldovino, baldwyn, maldwyn, baldwin, balwin
balik, balin, bali
bansari, bansuri
barabas, barabba
barber, barbour
barksdale, barkley, barks, barklay, berkley, berkeley, barclay
barris, barie, barry, barrymore, barrie
barnaby, barney, barnie, barnabas, barn
bernardo, bernhardt, barnard, bernard, bernhard, berndt, bern, bernd, berne, bernie
barret, barnett, barr, barnet, barrett
baron, barron
bars, bors
barthol, bat, tholy, tolly, bartley, parlan, bertol, barton, barth, bartlett, bartolomeo, bartel, bartold, bartholomew, bart
bathshua, basya, batya, vasily, vasilis, basile, bathsheba, basil, sheba, batsheva, basilia, basilo, basia
bastian, bastiaan
sebastian, bastien, sebastien
bea, beattie, beatrice, beatirsa, trixie, beah, trixy, beatriz, beatrix
beacan, beagan
beecher, beacher
beaman, beeman
beata, beate
beau, beauregard, bo
rebekah, riva, rifka, rebequa, reba, lyn, rivy, rebeka, rebeccah, becca, rebeca, ree, becky, bekki, rivca, becka, rebecca, beccalynn, becha, reeba, rebeckah, rebekka, riba, rebeque, rivka, rebakah
delia, bedelia
belladonna, bel
beldon, belden
linden, lindy, belynda, blinda, lynda, lin, lindi, belinda, linda
benjamin, rube, ben, reuven, benito, bennie, benny, reuby, reuben, benji, rubin, reubin, beniamino, ruben, benjie
benet, benoit, bent, bengt, benedict, bennett, benton, benner, bene, benen, benedekt, benedetto, benn
bente, benita
quay, quasha, benquasha
bensen, benson
bergin, bergen, bergan
burg, burgess, bergess
bernadette, bernadine, bernadett, bernadete, bernadina
bernice, berry, bunny
rab, rob, robinette, riobard, robyn, robina, berthe, robby, burton, rupert, bertrem, dobbs, robinson, robert, tito, rubert, ruperta, robertson, robben, robey, berton, robbins, rober, burt, bertil, roberta, robbie, bobby, bertram, berta, roberto, robbin, dob, bobbi, bob, robin
bertholt, bertolt, berthold, bertold
beryl, bijou
shaya, shay, bethshaya
beverley, beverly, bev, beverely
bevis, bevan, bevin
bhoomi, bhumi
biagio, blase, blis, blaze, blaise
blanche, blanca, bianca, biancha, blancha
bridge, brita, biddy, brit, britta, britte, brie, bryde, brigita, bridget, brigette, brigetta, gidget, brighid, brigada, brigitte, gidgey, brigid, birdie, birgit, bree, birgitta, brigida
biene, saidhbhin, bini, sabina, sabse, bienchen, sabine, savina, sabiny
guillemette, guillelmine, mina, wyla, willette, willy, vilhelmina, helma, willa, willamina, willie, wilmette, wihelma, billie, wilhemine, vilma, minnie, will, billy, wilhelmina, minny, wilma
bin, bing, binghampton, binghamton, bingham
birk, birke, bourke, burk, burke
bjarne, bjorn, bjorne
blachard, blake, blakeley, blanco
bladen, blade
blane, blaine, blain
blaire, blair
blanda, blenda
blythe, blithe
bowen, bowie
bod, bodony
bogdana, bohdana
boniface, boni, bonny, bonita, bonnie
bono, boone
boothe, booth
borden, bordan
borys, boris
bosworth, bos, boswell
bradly, braeden, braedon, brady, bradley, brad, braid, braden, bradney
brahnan, brahn, brahni
brom, bran
branwell, bramwell
brennen, brenden, brendan, brand, brandon, branden, branford, brant, brennan, brent
brann, brandy
brock, brocton, braxton
brayden, brayton
brianna, breanna, briana, brianne
brynn, brynna, brenunda, brenda
bret, brett, bretton
brette, bretta
brewster, brew
shawn, shawmbria
briac, brieg
bryan, bryant, briant, briand, brian
brickand, bryce, brigg, brice, bric, brick
bright, brighton
britney, britannia, brittany, brittny, britt, britny, britany, brits, brittyn
roderick, rick, broderick, brod
rodrigue, roddy, rodmond, rodman, rod, rodd, ricky, rodrick, roderich, rory, rodrigo, rodney
bromley, bromwood, bromwell
bronwen, bronwyn, bronson
brooke, brook, brooks, brookes
brown, bruno, broun, bruin, bruins
buckminster, buck, buckley, bucky, buckner
buddie, buddy, bud, budd
burley, burl, burleigh, burle
byrne, burns, burne
byram, byron, byran
cabel, cab, cable
cayla, catherine, kathryn, katrina, kate, katie, cate, catie, caddie, trina, ekaterina, caterina, catalin, catrina, kitty, cathryne, katryn, katherine, kat, katharine, kathie, catriana, catriona, cat, cathleen, catlina, cadie, cathy, ky
caldwell, cadwell, cadmus. namesake
cadrian, rhian
caelyn, cay
chaim, cahyyam, haim, cahya, cahyim, haym
cane, kainen, cathan, kane, kayne, kain, keyne, caine, cain, caino, kaine
kaitlyn, kathleen, katelyn, caitlin, catelyn, kaitlin, caitrin, caitlyn
kalin, callie, cally, caulder, caleb, kal, kalisto, calder, calandra, calista, cal, calisto, cale, kalista
callia, callee, call
callan, calla
callis, callys
calvino, calvinnia, calvyn, calvin
cameron, camyron, cammie, camm, cam
cammy, camelia, camila, camille, cammilla, mila, kamille, camilla, kamilla
kamillo, kamil, camillo
campbell, camp
candis, kandis, candace, kan, candy, candie, candice, kandy, candys, kandice, candi
cary, carey
kannon, canon, cannon
canute, knud, cnut, knute, knut, cnutte
carra, carrie, carolyn, karyn, carly, karrie, karen, kara, katina, ceray, carry, kari, karo, kerrolyn, carin, katarina, karolyne, karolyna, kathreen, caren, caroline, carolina, kathy, karri, karoline, kerry, karolina, kerrie, cari, caro, carol, cara, lina, karon, katrin, karra, carolyne, karan, karry, caryn, karin, karina
kear, keary, care
carew, rew
kery, kary, keri
carynn, carina
krissy, sissa, karissa, carissa
carlyle, karlo, lyle, karla, lisle, karel, carlton, karl, carl, carlo, karoly, carlie, carlisle
karol, carla, carlotta, karola, caroll, carola, carlota
karleen, carlene, karlene, karly, karlie, carleen
carleton, charlton
charley, charlie, chip, charles, chuck, chas, chaz, chick, chico, carlos
charlotte, chatzie, lotte, charmaine, lottie, charlayne, charlene, charmayne
carmelle, carmita, carmelita, karmen, karmelita, karmel, carmine, karmelle, carmen, carmel
kerwin, ceirnin, kieron, kerr, kieran, kiernan, kern, kirwin, key, ciaran
cassie, cassee, cassi, cass, cascadia
casmir, casimir, kasimir
caspar, casper
cavery, cauvery
caylah, cayleigh, lee, leigh
ceasar, cesar, cezar
cissy, cecilia, cicely, celia, cecelia, sissy, cece, cecily, cecil, cicilie
cicero, ciro, ciceron, cecero
cecia, sessi, seesha
cedric, cedrych, cedrick, cerdric
selina, selly, selia, celene, celena, sena, sellie, sela, selinda, celina, celie, selene, selena
chelina, celeste, chelli, celestina, tina, sally
cem, kemal, cemal
chadwick, chad
diego, santiago, santi, chago
chaney, chan, chandler
chancellor, chance, chauncey
chandani, chanda, chandan
schannel, shannelle, shanel, shannel, shanelly, chanel, channel
rosellen, rosina, rosalee, charo, rosly, roz, rosmund, rosella, rosita, rasia, roslin, rosaleen, rosette, rosa, rosey, roanee, rosemarie, rosie, rosetta, rosamund, rosabell, chara, rosena, roanna, roselle, rosalia, rosalie, rozamund, rozsi, rosebud, rois, rosemonde, rose, rosemary
shari, sharon, sharry, shara, sherri, charon, sharen, sharron, sharyn, sharee, sherry
shelly, chelle, chellie, rachele, shellie, rachel, raychel, rahel, raquel, rachael, rah'zell, shelley
kelsy, kelsey, kelsie, chelsie, chelsea, xyza
cheryl, cher, sherrill, cherry, cheryle, cheri, sheryle, sheryl, sherryll, sherryl, cherish, cherie, sheri, cherrie
ches, chet, chess, chester
chevy, chevalier, chevie
clairese, clarissa, clarice, ciaira, clarisse, clare, clarette, clara, claretta, chiarina, claral, claire, claris, clarrie, chiara, clareta
isidro, chidro
chilly, chilton, chil, chill
louis, lodovico, llewellyn, chlodwig, lewis, luigi, ludvig, luthias, clovis, lajos, lew, luis, louie, ludwig, lewes, lewie
cloe, chloe
cloris, chloris
christiaan, christian, chrestian, karston, kristian, chris, karstan
kristine, chrissy, kristina, kristofer, krissie, kris, kristy, christeena, christie, kristi, christof, christophe, kristof, cristoforo, christiana, kristeena, christa, kristin, christopher, kit, kirsten, christina, christine, cristobel, kester, kristopher, kristen
cristal, chrystol, kristal, cristol, chrystal, crystal, cristel, krystal, christal, cristale
christos, kristo, cristo, christo
cierra, ciar, ciara
skyler, ciel, sky, skye, schuyler, skylar
prissy, prisca, priss, cyla, priscilla, cilla, silla
cindy, cindie, cynthia, cinzia, cinta, cyndi, cintia
syranno, cirano, sirano, siranno, syrano, cyrano
kyril, cy, cyra, cyril, cirillo
claibourne, clayborne, clayton, claybourne, clay, claiborne
clan, clancy, clancey
clarendon, claron, clarence
clarke, clarkson, clark
claudia, claudius, claudette, claude, claudio, klaudia, claudell, claud
nikolai, nicodemus, nikolos, nikita, colin, nicolo, nikolas, nicola, cole, nicolas, nicholai, nikola, nicky, nicos, nikki, nicklaus, niko, nick, nicko, nicanor, nicol, nicholas, klas, niles, claus, nichol, klaas, nichols, klaus, nickita, nikolie, nicolson, colet, nikolaus, nikos, nils, nixon
cleon, clio, cleopatra, clea, cleo
cleve, cleavon, clive, cleveland
clemon, klemens, clements, clem, clemens, clement, clemmons
clementina, clementyne, clementine
cliff, clifton, clifford
clinton, clint
clotilde, clothilde
coalan, kayey
codie, cody
colby, kolby
coleen, colleen, colene
colemann, coleman, colman
nickie, nikolia, nichole, lacole, nikole, nichola, collette, nykki, nykky, nicolette, nicoline, colette, cosette, nika, nykole, nichelle, nicci, nyky, nicole, nyki
collin, collins
colm, mal, malcom
colston, colton
coltin, kolt, colt
cosmo, kosmos, comsy
rad, kon, conroy, corrado, cort, konrad, connie, conrad, con
conor, o'conner, o'connor, conners, conan, conner, connor
concha, concepcion
conny, conncetta
constant, konstanza, constantia, constanza, constance, constantine, costanza, konstanzia
conwy, conway
coop, cooper
corene, corisse, cora, corissa, coretta, corita, cori, coralie, corin, corinne, corinna, corina, coralee
qorbin, korban, corban
corwan, corbin, corwin, corbett, corby, corbet, corwyn
cordy, cord, cordas, cordie, cordell
kordelia, cordelia
court, correy, cortney, corry, corey, kurtney, courtney, kort, kurt, cortie, cory, corrie, kortney
cornell, cornelius, cornel
kurtis, curt, cortland, curtis, courtland
korvin, corvin
craig, greg
crichton, creighton, creigh, cree
krispen, crisp, crispo, crispus, crispin, crispen
cullen, culley, cullin
cunegonda, kunigunde
kunibert, cunibert
curren, curran, currier, currey, currie, currer, curry
cybill, cybele, cybil
sibby, sibeal, sibyl, sybilline, sibylle, sibbi, sib, sybyl, sybil, sybille, sibley, sibille
kyne, cyne, cyna, kyna
cyzars, cyzarine
darci, darcie, d'arcy, darcey, darcy
dawes, dabney, davie, david, devlin, dave, davy, davi, dewi, davis, davey, dawson, dewey, davidson, davyd
danita, danya, danelle, danet, dada, nelle, danae, daniella, nelly, dania, danielle, danett, daniela, danna, danice, dannett, dana
dagget, dag, dayton, dagney, daymond, dagny, day
dahlia, dalia
daley, dailey, daily
damien, damon, damian, daimen
danika, daine, dane, dakin, daneen
daisey, daisy
dale, dallin, dal, dallen, dalton, dallan
damaris, maris
danny, danielus, danilo, dan, daniels, danni, daniel, daniele, danil
daphne, daphnis
dara, darra
darby, derby
darrin, darlynn, darin, darlene, darren, darryn, darlin, darleen, darlen, darla, dare
daria, darine
dario, darius, darien, darian
darryl, darryll, daryll, daryl, darrel
darwin, darwyn
davida, davan
davita, davine, davina
deacon, declan
deane, deanne, deena, deanna, deana
diantha, di, diana, diane, dionne, dyan, diandra, dyanne, diahann, deandra
dinah, dina
debo, debby, debra, debrah, devorah, debbie, devora, deb, deborah
dierdra, dierdre, deirdra, deirdre, dee, deedee, deedra
dejah, deja
delmore, delmer, del, delmar
delaine, delaina, delaney
delana, delanna
deleep, dilip
lila, delilah, lilah, delila
demie, demelza
demetrius, dimitri, demeter, dmitri, demitiri, dimity, dimitry, dmitry
ogden, den, oggie, denny
dena, denna
denholme, denim, denby, denholm
denice, deniece, deniese, denise, denyce, deneise, denyse, dennice
tennis, dion, dennys, dennison, tennyson, denit, denzel, denniston, denzil, denis, dionysus, dennis, dennit, denzell
derych, derex, der, derry, dirk, derick, derrick, derek, derik, derrik
dermot, kermit
derwood, durwood, durwald, durward, durwin
destiny, des, destini, destinee, desmond, desi
desiree, desiri, desiderio, desirae, desideria
desmund, esmond, esmund
modesty, modestia, desty, modesta, modeste, modestine
devan, devante, devi
devin, devon
diarria, didi
richerd, rickert, dick, richart, richard, ricker, ritchie, rikkert, ricard, rickie, riocard, ricardo, richmond, dicky, rocco, rickward, rich, richman, richardson, rickard, dickie
dicken, dickenson, dix, dixon, dickens, dickinson
dillon, dillan, dylan
divya, divia
dixy, dixi, dixie
dulcie, dolce, dulce, dulcinea, dulcea, dulsie
randal, rand, randolf, randl, ran, randle, rankin, dolf, dolph, randie, randy, randall, ranulf, randolph, randell
dorothea, dotson, dottie, dolly, dorothy, dolley, dot, dotty
rodolfo, rollo, rolph, rudolph, raoul, rudi, rodolphe, rollin, rolf, rudy, rudolf, rudie, rodolf
domingo, dominique, dom, dominik, dominick, domenico, dominic, dominy, dominica
dona, madonna, domina, donna
dominga, inga
domokos, domonkos, domos
donaldson, don, donnie, donny, donne, donald, donal, donghal
donnelly, donner, donovan, donnel, donahue, donnell, donovon
donato, donatien
theophania, theophilia, teodora, eudor, fedora, theodora, theodore, theda, dory, dore, endora, feodora, pandora, theodosia, tedra, thedora, dori, theora, pan, theone
dorice, dorris, doris
dorine, doreen, dorene
dorie, dorrian, dorian, dorrien, dorien
dorset, dorsey
douglass, dougal, dugan, dugald, douglas, dougie, doug
dough, duff
doyl, doyle
doyt, dwyghte, dwyte, dwyght, dwighte, dwite, dwight
dwain, dwaine, duane, wayne, duwayne, dwane, dwayne
dudly, dud, dudley, duddy
duke, marmaduke
dunc, dun, duncan
dunne, dunn
dusty, dustin, dunston, dustan
duran, durand, durant, durante, durandt
dwennon, dwenn
dynean, dyna
earl, erleen, errol, earle, erroll, early, earleen, erlene, earland, erie
ernie, erni, earnest, ernesto, erny, ernst, ernest
ernestine, ernesta, earnestine, erna
eban, ebenezer, eben
everard, everett, eberhart, everet, eberardo
ebonie, ebonee, ebony
edgardo, ed, ted, eddie, ede, neddy, teddy, ned, edwards, eddy, edward, edgarton, edwardo, eduardo, eduard, edmond, edgerton, edwardson, edger, teddie, edvard, neddie
edie, edan, eden
edita, editha, edithe, edith, edythe, edyth
edwina, edwynna, edwyna, edina, edwinna
edson, edyson, edison
edwyn, edwin
effie, efterpi, teppi
efrem, ephraim, ephrem
egan, egil, egon
georgy, jorrin, giorgio, jiri, georgi, geordie, seiorse, giorgis, jurik, yurik, georgius, georg, yoyi, jeorg, george, jerzy, zhorka, jorge, egor, jur, juro, yurko, goran, jurgen, yura, georges, georgie, yurchik, yusha, georgio, jorges, yegor, jorgen, jurgi, jurek, yuri
el, elo, elouise
el'azar, lazre, lazar, lazaro, lazarus, laszlo
elary, ellory, ellary, ellery, elory, elery
eldridge, elbridge
eliana, elie, elliana, leonora, leonore, ella, eleanora, eleanore, eleanor, nell, elinore, elinor
ellyn, elin, elen, ellen, ellin, elena, elyn
lena, yelena, ielena, jelena
lex, elex, lexus, elexus
elia, ellison, ilya, elva, eliakim, eliot, elvyra, elliot, eli, ellis, ellsworth, ely, elias, elliott, elvera, elvira, elijah, elvie, elyas, ilja, ellys, eliott, eliha
helena, helene, helaine, helen
lysa, lyse, elysa, elisa, lisa, lise, lisie
elisheba, elisha
elmar, elman, elmore, elmer
elton, elten, elroy
elwin, elwyn, elvin
em, emma, emyln, emelyn, emmeline, emmilyne, emelie, emiline, emmaline, emmie, emilia, emaline, emmy, emilie, emily
imanuel, immanuel, emmanuel, emanuel, manny, manuel
manuella, emmanuella, emanuela
esmerelda, emerald, esmeralda, esmaralda, esmarelda, esmiralda, esmirelda
emersen, emyrson, emerson, emmerson, emmyrson
emmery, emmory
emlin, emlyn
emmott, emmett, emmot
emris, emrys, emrick, emryk
ena, enna
enrica, eryka, ericka, erika, erica
enrique, quique, enrico
jolaunda, yo, yolande, iolanthe, yolanda, landa, jo, eolande, jolanda, yolantha, iolande
eric, erikson, erik, eryk
eryn, erynna, erynn, erin, erinna, erinne, errin
scottie, scot, scott, escott, scotty
esme, esma, esmee, esmie
esther, esta, estel, estella, estelle, estralita, estee, stella, essie, ester, estie
stepan, stephenson, steven, stephens, stevens, stevie, stevenson, stefan, stefano, steffan, stephan, estevan, stephen, esteban, etienne, steve
estes, eston
ethen, etan, ethan
laquetta, quetta
gene, eugene
eugenia, eugenie
eunyce, eunice, unice
eustace, stace, stacie
evan, evanston, evans
evangalyne, evangelyn, evangeline, evangaline
owens, ewan, owen, ewen, owyn
ewart, ewing
ezekiel, ezekyel
ezer, ezra, ezzret, ezri
fab, fabio, fabian, fabyan, fabius
fabia, fabiana, fabienne, fabya
fafelina, faffelina, fafylena, lyna, farfa, faffa, fafelyna, farfalla
fairfax, fairfield
fairli, fairlee
fairly, fairleigh, fairley, farland, farley, farly
fayth, faith, faithful, faythe
philene, philina, philantha, philana, philander, falana, philida
phalgun, falgun
franny, fran, fanchon, francine, frances, frannie, francesca, franchesca, fanny
stefania, stefa, stefka, stefanie, stephanya, stephannie, stepania, stephana, steffie, stepha, stephania, stef, fannie, stephanie, steffi
tiffie, persephone, tiffany, tifany, percy, tiphany, tiff, persa, tiffy, perse, tifanee
farra, farrah, farah
faron, farrier, farrar, farron, farar
farrell, farrel, farrow
fatma, fatima
fawn, fawna, fauna, fawne, faun
favel, flavia
faye, fay, fey
fernly, ferne, fern, fearn, fearne
febby, februus, feb
federica, fredericka, freda, frederica, friederike, frederika
fjodor, teodore, fiodor, teodoro, theodor, teodor, fedor, feodor, telly, fyodor
felicia, philicia, felix, felyce, felicity, phylicia, felisse, felice, feliciana, phylice
philippa, pippa, philia, philippine, felipe, felipa, philly
filippo, philo, phelps, filbert, philipson, phil, phipps, filip, phillips, philby, philippos, philipe, phillip, philip
finola, fennella
ferde, ferd, fernando, ferdinand, fernandas, ferdie, ferdy
franci, franco, frank, ferenc, franz, francis, frankie
fergun, fergy, fergus, ferguson, fergie
ferris, ferrel, ferrys, ferrell
fidelity, fido, fidel
field, fielding, fielder
phylys, phillis, phyl, phyllis, filida
filomena, philomen, philomena
findabhair, finn
finny, fynn, finlay, fyn, finnie, finnian, finley, finian
phineas, phinny, pincus, phin, pinchos, pinchas
fiona, fione, fionnula
fitz, fitzpatrick, fitzgerald, fitzhugh, fitzroy
flan, flannery, flann
flemming, fleming
florrie, flora, fleur, florenz, flossie, florie, florida, floria, florentia, floryn, flower, flo, flory, florence, floris
flyn, flynn, flinn, flin
floyd, lloyd
forest, forestt, forrest, forrestt, forster
fraiser, fraser, frazier, frazer, frasier
franklyn, franklin
winifred, fritzie, winnie, win, fritzi, frederick, fritz, freddy, frederic, winn, manfred, wyn, winny, winni
friede, fredie, freida, frieda
freia, freya
gable, gavrila, gabriel, gabino, gabby, gabryel, gabriello, gabe, gab
gavra, gabriela, gaby, gabbryela, galia, gabi, gabriella, gabrielle, galya
gaye, gae, gay, gai, gaea
gallagar, gahan, gallagher
gale, gayle
gainor, gainsborough, gaines, gaynor, gaynes
galloway, galway
jammal, gamali, jamal, gamal
gangolph, gangolf, gangulphus
garden, garland, gardenor, garlyn, gardiner, gary, gar, gardner, garlan, garfield, gardnard, garry, garret, garreth, garth, garit, garlon, garrett, gardener, gareth
maggie, marget, maymie, margette, margory, meg, maisie, madge, marjoe, margalo, marjorie, margalith, marguerite, maergrethe, reta, gretle, margaux, margita, garet, margo, margot, marjory, rita, margaretha, margarethe, greta, peggy, grete, margret, margaret, margareta, marge, mag, gretchen, margherita, margarita, peg, marga, margiad, midge, meggie, magee, margarida, mairghread, gretel, maggy, margie, margery, mamie, marta
garnet, garnett
girard, giraut, jerard, jerie, geraud, geraldo, gerald, gerek, jerry, girauld, jerri, garold, jeri, jarrett, gerbert, gerhardt, jarett, garrod, jerold, geri, gerry, gerhart, gerrit, gerard, garrard, gerhard, gerardo, girault
garrie, gervase, garrick, garvey, garvie, gervais, gervis, garvin
garyson, garryson, garrison
gaspare, jasper, gaspar
gautier, walt, watson, watkins, wally, gauthier, ualtar, walther, walter
gavan, gavin
gawain, gawaine, gawen
gaylord, gaylard, gayelord
gelsi, gelsey, gelsy
gemma, jemma
jenavieva, genavieve, jenny, vieva, jennylynn, jennifer, jennie, jenni, jenna
genny, geneva, genevia
geoffrey, geoff
gerda, georgia, georgeanne, jorgina, georgina, georgienne, georgine, gruzia, jirka, giorgia, gina, georgianna, jirca, georgea, jirina, georgeen, georgette, georgeena
geraldene, geraldine, gereldine, geraldina, geraldyne, gery, gerrie
gertrude, gert, trudi, gertrud, gerty, trude, jera, jerica, gerta, gerte, trudy, truta, true, gertie, trudie
gregory, gergely, grzegorz
jermaine, jermain, german, jarman, jermayne, germain, jermyn, jermana
gerome, jerome
gerson, gerzson
javier, giaffar, xaver, xever, jaffar, xavier
jeanette, jeanita, janet, janae, jeanise, shona, shana, jeannie, jan, gianna, sheena, sian, jane, janine, janice, jana, jean, jeanie, jeanne
giddy, gideon, gid
gilly, ogilvie, ogilvy, gilie, gil
rane, rani, ginger, reine, rina, reina, regina, jina, virgy, ginni, jinny, virgie, ginny, virginie, virginia, reyna, regan, rain, reggie, raina, rexy, ginia, rein
joy, joia, gioa, joie
shawna, joas, joann, joetta, juanita, jurnel, juaniqua, giovanna, joanne, joanna, johanna, joan, johanne
johannes, giovanni
giselle, gisela
jose, yusuf, josef, joseph, joe, ioseph, sepp, joze, iosef, giuseppe, joey
josefina, josephine, josephina, giuseppina, jody, josie
giustina, justine, justina
gwen, gwyndolyn, glynn, glynis
gordana, goca
golda, marigold, mari, goldie
gorm, guthrum
joce, gosceline, jocelyn, joceline
graziana, grace, grazia
grania, grainne
grayson, gray
grisham, gresham
griffie, griffith, griff
guinoux, gwezhenneg, venec, guethenoc, gwenneg
guy, gui
willem, wilkes, wilford, wil, wilmar, guillermo, wilmer, wyley, wilmot, wilmos, wilton, wills, willard, wilkie, vilhelm, guillaume, williams, williamson, vasili, willkie, viliam, wiley, wilson, william, uilliam, winton, uilleam, wilhelm, vilem, wylkes, willis
gunter, gunther
gurkan, gurko
gwendoline, gwendolyn, gwendolynne
wynny, gwynne, gwyneth
hadasa, hadassa, hadaseh
hadden, haden
haifa, hayfa
haley, hailey
hala, malha, maliha, mali
haleigha, leigha, haleah
hannah, hana, hanna
harriet, harriett, hariett
harris, harrison
harvey, harv
harva, harvina, harvelle, harvine
hazen, hayes
haylee, hayleigh, hayley
hei, hea
hedia, hedya
helmuth, heli
henri, henrik, henry
henrietta, henriette, henriella
herbie, herb, herby, herbert
mini, minney, herminia
mehitabelle, mehitabel, hetty, mehetabel, metabel, hitty
milley, mil, milly, mildrid, hildred, mildraed, hil, milli, mildryd, millie, mildred
hillary, hilary
hilde, hilda
holly, holli, hollye, hollee, hollie
na, honna
honoria, honora
oris, horace
hortense, ortensia
hoshiko, hoshi
hossein, hussein
howard, howie, howe
huey, hugo, hugh
jakob, jake, iacobe, jeb, jacobe, jacob, jock, iacob, jacques
ian, iwan, johnny, shane, juan, iain, jack, jonny, ivan, jonathan, john, sean
isis, ice
ignatios, ignacio, ignatius, ignazio, ignazios
isaac, ike
ilisapesi, ilisa, ili
ilona, ilonka, ily
imani, iman
ingar, ingmar
ingvarr, yngvar
iris, iria
irvin, irv, irvine
sabel, izzy
israt, ishrat
itzak, jitzak
yvan, yves, yvo, ives
ivie, ivy
ivon, yvette, ivona, yvonne
ixy, ixchel
jacqueline, jacobienne, jamie, jackie, jacky, jaclyn, jacki
jade, jaycee, jaydee, jay
jaythen, jai
jimmy, james, jim, seamus, jaime
jaimee, jayme, jamee, jaymie, jaimy
janese, janisa
johann, janez
japs, japera
jar, jaryn
jari, jary, jarrel, jarel, jarrell
yaron, jaron
yaroslaw, yaroslav, jaroslav, jaroslaw
yasmine, jasmine, mine, yasmin, jess, jessamine, yazmina, jessamy, jasmin
yazlyn, jaz, yaz, jazlin, yazlin, jazlyn
jeffrey, jef, jeff
mima, jemima, jem
jeni, jen, jenell
jenay, jenai
jensyn, jensi, jensine
jennsen, jensen
jerrica, jerrianna, jerrianne
jessie, jessy, jessica, jessicka, jessykah, jesse
jewell, jewel
jezreel, jez
jill, jillian
joakim, joachim, jochen
joannie, joakima
jolanta, jolan
jolene, joline
maj, majie, jondra, majondra
jonina, jonna
jordyn, jori, jordana, jordane, jordene, jordann
joshua, josh
judy, judit, judith, jude
jules, julian, jul, julio, julius
julianna, julianne, julie, julia, july, juliet
julinka, julita
yumoke, jumoke
justice, jussey, justus, just
kachine, kachina
kadija, kadee
kaden, kadeen, kadin
kadiza, kadisha, kadischa
kahill, kalil, kailil, khalil
kay, mackay, kai
kaila, kayla, kaylah, kaylynn, kaylene, kailyn, kayln
kajsa, kaisa
katlan, kaydee, kaitlynne, kait
kali, kalie
kalika, kalyca
khalila, kalila
kamea, maya, kamaya, kammie, kami, kam, mea, kamryn
niya, kaniya
kassia, katja, kaysa, katrien, katoka, kasia, kasen
kasmira, kazamira, kasamira
kazy, kazi, kasanna, kazanna, kizzy
kylie, kayleigh, kayle, kayley
keagan, keegan
keelan, keel, keeler, keely, kealy, keeley
keen, keane, kean, keene
keenan, keanan, kienan
nar, keash, narkeasha, keasha, kisha
keefer, keever, keefe
kira, keera
keshia, keziah, keishia, keisha, kezzy, keesha, ketzia, lakeisha, kezia
keilantra, keilei, keil
kirby, keir
kiera, keke
kelvan, kel, kelda, kelvin, kell, kelly, kelvyn, kelley, kelven
kelton, kelson, kelcie, kelsi, kels
kelemen, keleman
kilian, kelian, killian
kemper, kem, kempy, kemplen, kemp, kempson
kimball, kimbell, kimmey, kimmy, kemble, kimble, kim, kym, kimmi
kendall, kindell, ken, kendel, kendell, kennet, kenneth, kennedy, kenney, kenny, kenn, kendalia, kindall, kennady, kendaline, kenni, kendra, kenna, kevin, kendal
kendric, kendrick
kenly, kennard, kenway, kenley, kenrick, kenrich
kensy, kenzy, kensington, kensi, kenzi, kenzington
mackie, max, mackenzie, kenzie, mackenzy
keona, keowynn
kerrin, kerri
kev, keven, kevan
kieon, keyon
khaled, khalid
kier, kirsty, kiersten, kirstie, kirsti, kirstin
kymberly, kimby, kimatra, kimberly, kimmie, kimberley
king, kingston, kingswell, kingsley
kinnard, kippy, kipper, kipp, kinnell
kipling, kip
kiranpal, kiran
kirk, kirkley, kirkus, kirkwood, kurk
kizza, kisser
knox, knoll
korry, koren, kori, korrie
krischnan, krister
kunti, pritha
kyla, kylee, kylene
kyli, kyleigh, kyle, lei
laverne, verne, lally, verna, la verne
lorne, lawry, lawrance, lauritz, loring, lars, larson, lonnie, lon, lawson, laurence, lawford, lorenzo, larkin, labhras, lorcan, lawrence, larry, lawley, loren, laurens, laurent, lawler, lorenz, lawton, lorin, laughton
laboni, lavani
lacy, laycee, lace, lacey
ladislao, ladislav, ladislaw, ladislaus
leta, letycia, latasha, laetitia, tish, letitia, letty, leticia, ticia, leetice, letice, laticia, letizia
lela, layla, leila, lyla, leilia, lillah, laila
layna, layne, lainey
latonya, lawanna, latoya
lakshmi, laxmi
lalita, susumna
lam, lammie, lammy
lambert, lamberto
landen, landan, landon
landis, lander, landry, landman, landers, landor
orlando, orly, lando
lanette, lanetta
lang, langley, langdon, langford, langtry, langhorne, langston
sammy, samularia, lari, laria
lark, lirkin
latiffa, lateefa, lateefah, latifa
lattimore, latimer
latrice, tricey, trice
lorna, loryn, lauryn, laura, laure, laurel, lauren, lorina, laureen, lor, lori, lorenza, lora, lorry, laurien, lauretta, lorita, laurette, lauriette, lauranne, lorene, laurena, laurie, loretta, lorette, laurin
levita, laveda
virna, verney, vernia, vernon, lavinia, verda, vernal, vernis, verneta, vern
lavine, lavin
leland, leighton, layton
leanne, leeanne, leigh anne, lea, leatrice, leah, liah, lia
liana, lianna, leana, liane, lianne
leandre, leandro, liander, leander
leathan, leith
leda, letha, lethia, leitha, leithia
morrie, morleigh, morley, roy, leroy, lesley, morry, lesly, rawly, leslie, raleigh, leroi, morlee, rawls, rawley
lenard, lenox, lenny, lennart, lenix, lennox, leon, leo, len, leonard, lennie, lennard, leonardo, leonhard
marlena, madalynn, marlene, mayalen, matty, madleen, magdalen, marline, lenore, maudlin, maighdlin, madelaine, may, maddie, leonne, magda, madelynne, madeline, madlin, malina, madelon, lene, magdaline, maddalena, madelyn, maddy, madigan, mae, madalena, marleen, maigarena, marla, magdalene, marlie, mala, marly, madeleine, mady, magdalena
lenin, lennon
leyna, lenya, leyns
oleos, nap, nappie, nappy, napoleon
leola, leontyne, leona, leontine, leonarda
leonid, leonidas, leonidis
leopold, leupold, leopoldo, luitpold
leopolda, leopoldine
lesh, shea
lesta, lestie
levi, lev
leyman, lyman
lydie, lidia, lydia
lieselotte, liesl, liese
lilian, lil, liliana, lily, lili, lilianne, lis, lily ann, lilly, lilia, lilias
lilyth, lilith
tiger, tigerlily
lindberg, lindell, lindt, linford, linton, lyndon, lind, lindley, linely, lindon
linc, lincoln, link
malinde, mallie, mindy, malinda, melina, melinda, malena, minda, mally
lyndsey, lyndsy, linsey, lyndsay, lindzee, lindsey, lynsey, lindsay
linette, lynette, linnette, linnet, linetta
linne, linny, lynne
lionello, lyonel, lyon, lion, lionel
liora, liorra, liore, liorre
mellissa, lissa, melly, melisent, millicent, melisse, meli, melita, melissa, mel, missy, melicent, mellie
lytton, litton
olivya, ollie, livia, nola, livy, olly, nollie, liv, livvy, olivia, olive, olivette, olva
livana, livanna, livania, livanya
luelle, loella, louella, luella
lola, lolita
lomar, omar
lorraine, lorrie
lutera, lothaire, lotario, luther
lucienne, lucile, lucille, lucida, lucie, lucy, lucia, luce, lucianna, luciana, lucianne, lucette, luza, luz
love, lovie
lukian, lucien, lucas, luke, luka, luchas, lucius, luciano, luc, luca, lucian, lucan, lucais, lukyan, luckas
lukene, lucinde, lucinda
lucrezia, lucretia, lucrece
lunetta, luna, lune
lynn, maralin, marilin, marlin, mary-lynn, marylin, marilyn, marlyn
sa, ma, samma, samm
mavis, mab, mabley, mave
mac, maxie, maksim, mack, maximilien, maxey, maximiliano, maxim, maximino, maximo, maximus, maximilian, maxfield, maxa, maks, massimiliano
maceo, mace, macy, macey
macomb, makon, macon
mathilde, tillie, mattye, tilly, mathilda, mattie, tilda, mathylda, maitilde, matelda, tila, matilda
madison, maddison
madock, madog, madoc, maddox, maddock, maidoc, madox
mariath, mayme, merry, marquita, marella, mitzi, muire, marya, maura, muriel, maure, marika, minette, manette, meriel, mair, mairin, moya, marieta, maretta, mashia, mame, mary, maren, mairi, marel, mare, maire, molly, miriam, polly, marija, maureen, mariette, mimi, manon, marie, marilla, maria, mariya, moire, masha, marian, moira, marlo, mash
madora, media, medora, medea
madre, madra, madrona
maidie, maida, maidel, maidy, mayda
maye, maize, maia, mays, mai, mayes
maeves, meave, maves, maive, mauve, maeve
magna, magnilda
magnum, magnuson, manus, magnus
megyer, magyar
mychau, mah chow
mahela, mehala, mahala, mahalah, mahelia, mahalar, mahalia
mayne, maine
marianna, mariana, marianne, mariann, mary-ann, manya, marion, marisha, maryanne, marrion
mazey, manda, mysie, maisy, maizie, manhattan, maysie
maitri, maitryi
majors, major, majeur, majorie
malva, mallory, melvin, malvie, melvina, malori, melvyn, mallorie, mellen, malin, melvine, malory, malvin, malvina, mevin, mallorey
malachai, malachy, malachi
malati, malti
malca, malka
mariah, mar, ri, malia
melba, melva
mamo, mamoru
manning, mann, man
manville, manheim, manton, manly, manley, mansfield, manchester
myranda, meranda, mira, miranda
mani, manolo, mano
maricelle, maricel
mirabel, marabel, mrabella, mirabelle, mirable
marcus, marco, march, marquis, marek, markos, markus, marko, marilo, marky, marcel, mark, marus, marque, marc, marks, marquette, markie, marx, marceau, marius
marjy, marjorey, margey, marjary, marcail, marje
marcellus, marcello, marcellino
marcie, marci, marcia, marsi, marshe, martia, marzia, marsie, marsha, marcille, marchita, marsy, marcelia, marcey, marchette, marcy
marclyn, marciana, marcelle, marcella, marceline, marcelin
marland, marsdon, mardyth, marwood, marston, marden, marley, marsden
marty, martita, marti, marth, martina, masia, martha, marthe
marissah, merisa, marissa, merrisa, rissa, maressa, maritza, marina, marisa
mariel, mariella, marette, marietta, marielle
mariabella, maribel, mariabelle, maribelle
mariamne, maryam, mariam
maridel, meridel
marlee, marilee, mery-lee
yomaris, marisol
merlin, marlen, marwin, mervin, merv, merle, merlyn
marlon, marlis, marlys
marlow, marlowe
marni, marne, marna, marnette, marny, marnie
marshall, marsh, marshal, marschall
martel, marten, martyn, martins, mertin, martinson, martin, mart, marton, martinique, mertil, martino, martie, martinet
merwyn, marvin, murvyn, merwin, myrvyn, marv, myrwyn, mervyn
marvell, marvelle, marvella, marva, marvel
mauricio, meuriz, morrell, maurice, maury, morse, morey, maurizio, moritz, morris, murray, moss, morets, moriz, maryse, morrison
masen, mase, mason
maslen, maslin
thomas, matthias, mayhew, mateo, matia, matthieson, matze, matias, massey, matt, mattias, mats, mathias, mattieu, matthew, matai, tom, thompson, tamas, tomas, mateus, matthuas, mattheson, mathe, mathew, matheu, matthews, thomson, tomaso, mathern, mattheus, matyus, matteo, thos, tommy, thom, mattison
mathia, mattea, mathea, matthea
maude, maudie, maud
maurizia, moria, moriah, mo, maurine, moreen, moyra, morena, mora, maurin
mayer, myer, meier, myerson, mayr, meir, mayor, meyer
meed, meade, meid, mead
meggy, meghan, megan, meagan, megann, megs, megless
meara, meera
melani, melany, melony, mendelssohn, milena, menahem, melloney, melanie, melanya, melania, melonie, mendel, melane, mela, menachem, melville
melancton, melanchthon
melanctha, melantha
mili, millisent, melisenda, melisande
melody, melodie
milt, melton, milten, milty, milton
mercer, merce
mercedes, mercy, mercia
meredith, meri, meridith
murial, muireall
merrill, meryl, merrel, merral, merton, myrl, merrick, meril, myril
merritt, merit, merriwell
merlina, myrlene, merla, merola, merl, myrle
moyna, myrna, muirne, merna, moina, morna, mirna
merri, merrita, merrie, merrielle, merrily, merrilee
sadize, mersadize
myrta, myrtia, mirtle, mert, myrtis, myrtice, mertice, myrtilla, myrtle, mertle
mims, miri, mirem, myriam, mimsie, meryem, miryam, mirjam
messena, messina
mickey, michelle, michal, shell, mikaeli, michaela, michaelina, micheline, michaeline, micaela, michelina, mikhaeli, michelyn, mikaela, miguela
michail, michele, micky, mike, michiel, mikkel, mikhos, mihon, mitch, mikey, mikas, mischa, mikel, mihal, michelangelo, mikhail, mick, micha, micah, mickie, michael, miguel, michau, mitchell, michel
milos, myles, milan, miles, milah, milo
miller, mills, millson
nomi, mimsy, naoma, naomi, noami, omie
myna, minna, semine, minetta, semina
mingmey, mingmei
mirella, mirelle, mirila, mirielle, myrilla, myra
mireya, mireille
miroslaw, miroslav
mishan, misha
missye, missie
misty, mistee
mose, moshe, moyes, moey, mosya, moyse, mosheh, moses, moishe, moe
monica, ramona, mona, ramonda, monca, monique
munroe, monro, munro, monroe
montagu, montague, montag
monte, monty
morina, morella
moray, murry
mordechai, mordy, mordecai, morty, mort
morganica, morgan, morgana, morganne
moriel, morit, moryah
morten, morton, mortimer, mortyn
mozelle, moselle
muller, mull
murtagh, murdoch, murdock
murphree, murphee, murphy
musetta, musa, musette, muse
nachik, nachiketa
nadya, nada, nadie, nadina, nadia, nadine, nadeen, nata
nafeeza, naffo, naf, naffy, nafiza
nyad, naiad, naida, naiia, nayad, naia
ronan, naldo, renaldo, ron, ronald, ronnie, ronny
nannette, nansey, nanine, nana, nance, nan, nancee, nanice, nancy, nansee, nanny
narcissa, narcisse
narcissus, narcisus
relle, narella, relly, narelle, rell
nas, nasir, nassir
nashe, nash
nashwa, nashy
talia, noelle, tosh, natalee, natosha, tosha, noel, nataleigh, natashia, natividad, nettie, tally, nastassia, natalya, natassia, natalja, nataline, netty, natalie, natala, natalia, novella, natty, nathalia, nathalie, natashi, tallie, natasa, nataly
nathan, nataniel, natan, nathanael, nat, nathaniel, nate
natale, natal, nowell
natanielle, nathania, nataniella, nathanielle, natania
navdip, navdeep
naveen, navin
navina, naveena
neely, nial, neil, o'neill, neill, niel, niels, neel, nels, niall, neale, neal
neilla, neila, nealah, nela, neala, nila, neela, niela
nilson, neilson, nealson, nelson, nellie
nedo, nedda, nedjelko, neda, nerida
nevins, nevin, neffe, neven
nemiah, nehemiah
neko, nek
nella, nelina, nellwyn, nelda, nellis, nelita, nelia
neona, neoma
neroli, nerolia, neroly, nerole, nerolie
nissa, nessie, nesa
venissa, shanessa, nessy, vanessa, vannie, vannia, vanora, vanna
nest, nestor, nesta
newman, neuman, newmie, numen, neumann
nevil, neville, nevile, newland, nevelson, nev
nevea, neva, nevita, nevia
newbold, newlin, newall, newton, newgate, newell
veronica, nica, ronica, veronique
nicoletta, nicoleta
niju, nij
nimay, nimai
ninya, ninon, penina, peninit, peninna, ninette, penny, peninah, nina, peni
ninoshka, nino
nyree, niria, niriel, nira, nirel, nir
vana, nirvana
nissim, nissan, nissi, nisse
noe, noam, noah, noach, noa
nobile, nobel, noble
sanoi, noi
nowlan, nolin, nolyn, nolan, nolen
noll, oliver, olley, olivero, nolly, olivier
vougay, nonna, vouga
noreen, nora, norina, norine, norah
nordica, norna
norville, norman, norris, normand, normal, normie, norm
norwell, norwyn, north, norwood, northrup, nowles, northcliff, norward, norwin, norvin, norton
novia, nova
novyanna, novie, novy
saughnessy, shawnnessy, seannesy, o'shaughnessy
obed, obadiah, obe, obie
obelix, obelius
octavia, octavie
octavus, tavie, octavius, octavian, octavio, tavy
odis, odell, ode, odie
odee, odea
odelette, odelinda, odella, odelia, odilia
otho, otilio, otis, otello, othello, otto, odo
ofilia, ophelia, ofelia, ophelie, phelia
oksanochka, oksana
olaf, olof, olin, olen, olav, olie
olympe, olympia, olimpie
olney, olinda
oonaugh, oonagh, ona, oona
unda, undine, onde, ondine
ophira, oprah
oralie, orel, orlena, oralee, orlene, oriole, orlie, oria, orah, oralia, orelda, oral, orpah, ora, orabel
orlanna, orelle, oriana
oren, orrin, orrie, orran, orren, orin, oram, oran
orelius, orelious
orest, orestes
orienne, orianna
orielle, oriel
orien, orion
rodhlann, rolt, rollins, rolland, roland, rowe, rollan, rolly, rowland, rolando
ursula, ursule, orsola, orsa, urzula, ursola, ursa, ursie
orsin, sonny, orson, orsini, orsen
orval, orvalle, orville
ostric, osman, osmen, osted, osbert, osmond, osborne, ossie, osmund, osmar, osborn
oskar, oscar, osgood
oswald, oswall, oswaldo, oswell
oxford, oxton, oxon
ozor, uzor
paulette, paolina, paulina, paulita, pauly, pauline, pavlina, paola, pavla, payne, pabla, paula
pawley, paolo, pavlo, pawl, pablo, pauley, paulo, paulin, pol, pavel, paulus, paul, powell
tugdual, pabu, tugal, tual
pascha, pasqual, pascal, paschal, pace, pasquale, pascali
pax, paxton, paix, peace, pachem
padarn, patern, padern
padraic, pat, patterson, patrice, patrick, padruig, padraig, paterson, pattison, paddy
paige, padgett, page, payge
palometa, palomina, palomita, paloma, palita
palmiera, palma, palmira, palmyra
pammie, pamelia, pamelina, pamyla, pamela, pamelyn, pammy, pamella, pam, pamilla
pangi, tata, tapanga
pansy, pense, pansie, pansee
parke, parker, park, parkley, parks
piero, parkinson, perkins, petey, parnell, peterson, peter, piotr, pete, pedro, pyotr, pero, per, pytor, pierson, petri, petr, parkin, pelle, pieter, perrin, peder, parle, pierre, pietro, peer, pierce, pietor, perkin, petrus, petrie, peadair, piers
perin, perry, perianne, perian, parry, pierrey
perci, parsifal, perce, perceval, percheval, percival, parsefal
patrizia, tricia, trish, paton, peyton, patton, patricia, patsy, patia, patience, pattin, patten, payton, pattie, patty
pearce, piercy, pears
perle, perla, purlie, pegeen, pearl, pearla, pearle
pelagia, pelgia, pelga, pelagie
pelton, pell, pelham
penelope, penney, pen
penn, penrod
pepi, pepin, peppy, pippi, pippin, pip
perdita, perdea, perda
peri, perri
petronille, perrine, petronella, pierette, pernille, petronilla, petronia, petrine, petie, petrina, petra
petara, tara
phae, phaidra, phedra, phaedra
phebe, phoebe, phoebus
pi, picerious
pixie, pixy, pixi, piksy, piksi
piusz, pius, pious
pyper, piper
pooja, puja
porsha, porsche, portia
porteur, porter
powers, power
prentice, prentiss
priestley, priestly, preston, priest, presley, prescott
prue, pruit, prewitt, pruitt
pryce, price
primael, primel, privel
prime, primo
pryor, prior
pritika, priyam, priyal
priya, priyasha
pru, prudy, prudence
putnam, putney
quenten, quentin, quint, quent, quinto, quinton, quintilian, quenton, quintus, quintin
quin, quince, quincey, quincy
quintessa, quintessenz, tessa, quinn, tess
quintina, quinta
radcliffe, radley, radnor, radcliff, radclyffe, radford, radclyf
raelyn, rae, raeka, raelin
raphael, rafi, rafe, raff, raph, rafferty, rafaello, rafal, rafer, rafaelle, rafael
raphaella, rafaella
ralston, raffi, raul, ralph, ralf
renato, rene, raghnall, renault, reynold, reggy, reginald, rinaldo, regnauld, reinald, reinwald, reinhold, reynolds, reg
raimee, raimy
reamonn, raymond, ramon, raimund, wray, rayner, raimundo, raymund
rana, rayne, raine, reign
raner, rainier, rainer
ranger, rainger
raisa, raissa
razel, raizel, rayzel
rajeev, rajiv
ransden, ramsey, ramsay
ransom, ransome, ranson, rance
reace, rase, reece, riece, rhett, rett, rice, rhys
rasheed, rashid
rasine, roisine
ritchel, ritchell, ratchell
ravi, ravinger, ravinia
rawson, rawlings, rawlins
sharay, rayma
rayfield, rayford, rayburn
reagan, regent, regino, reagen, regen, rayghun
raylina, raylene
rey, reinhard, reynart, raynor, renaud, renard, reinhart, reyner, rinehart, raynard, reynaud
rhea, rea
reid, reed, reading, reade, read
riordan, reardon
reave, reeves, reeve
redgrave, redman, redfield, redwald, redford, redd, redding, red
reena, riena
reese, ries
reva, rive, reeva, rivi
roi, rex, rei, rexer, rexford
ryley, riley, reilly
terrel, tyrell, terris, tirell, terrill
remy, remington, remme, remmie, remmy
renette, renate, renata
renee, rennie, renny
renton, renfrew, renshaw, renfred
sanrevelle, revelle, rev, san, revla
rhiamon, rhiannon
riana, rianne, riannon
rhoda, rhodie, rodie, roe, rhodia
ryen, ryanne, rian, ryan
ricarda, richelle, rikki
ryder, rider
ringo, ringling, ring
rio, river, rivers
rypley, ripley, rip
rishley, riston
ritt, ritter
rizpah, ritzpa
rizzy, rizal
ro, rogelio
roan, rogan
rorke, ruark, rourke, roarke
rocker, roche, rochester, rocky, rockne, rockwell, rockley, rock, rocho
rochelle, rochette, rochella
roderica, roderika
rogerio, rogers, rutger, rog, rudiger, roger, rodiger, ruggiero, rodgers, rodger
royale, royall, royal
romana, roma, romy
romain, roman, rome, romeo
roon, rune, rooney, roone
roric, rurik, ruaidhri
roselyn, rosalinde, rosalinda, rosilind, rose-lyn, rosselin, rose-lynn, roseline, rosalind, rosaline, rosalynda, roslyn, rosalyn
rosanne, rosanna
rossano, roswald, ross
rusk, rush, rousse, ruskin, rust
rowen, rowley, rowan, rowson, rowell
rowena, rowana
rox, roxy, roxie, roxane, roxanna, roxana, roxanne, roxann
rubie, ruby, rubee, rubia, rubina
rudyard, ruddy
ruphus, rufford, rufe, rufus, ruff
russ, rusti, russel, rusty
ruth, ruthanne, ruthie
ruthren, rutherford
ryle, ryton, ryman, rycroft, rylan, ryland
sabrena, sabrina
sarah, sari, sarita, sadie, sara, sarett, sarene, zaria, zara, sarine, sary, sairne, sarina, zarah, sarri, sarrie, sadey
sofi, sophy, zofka, sofia, sofie, sophronia, sophie, sadhbh, sophia
sady, sadi
samrat, sagar, satyavrat
sahara, shahar
sakina, saheli, sakhi
sak, sarkis
sauveur, salaidh, salvador, sal, sallye, salli, salvatore, sallie
salomon, salomi, solom, shalom, sholem, salmon, saloman, solomon, shlomo, salamon, soloman, schlomo
saleena, salina
saloma, salome
salva, salwa
shem, samuele, sampson, sanson, samuel, samelle, sammie, schmuel, shemuel, sam, samson, sansone, samuelson
samantha, sammi
sumar, somar, samar, summer
samuella, samuela, samella
samicah, samika
sanford, sanborn, sandford
sandhya, sandhaya, sanchay
sanderson, saunderson, sands, saunders
sezni, sane, senan
sanjiv, sanjeev
sanjukta, sanyukta
sanjushree, sohni, sanjula
santo, santos
sapphira, saphira, sapphire
sarafina, seraphina, seraphim, seraphine, sera, serafine, serafina
sargeant, sergent, sergeant, sarge, sargent
serlo, sarlo
saul, sauly, solly, sol
savannah, savanna
sayre, sayer, sayers, sayres
scarlet, scarlett
shaman, schamane
seabury, sebert, seabrook, seberg, sea, seabright, seabert
shawnie, seanna, shauna, siana, shaune, shawny, shawnna
seaton, seetin, seton, seeton
sebastiane, sebastiona, sebastiana, sebastianne
seev, siv
segelinde, zelinda
seif, sharif
seldon, selby, selden, selwin, selwyn
selda, zelda
sheila, sheelah, sheela, sheilah, sheilagh
selin, selima
siomonn, simon, shimon, simeon, sim
senet, sennett, senta
seven, septima
serene, serenity, serena
sergei, sergio, serge, sergius
serlone, serlon
seth, sethia
seva, seve
severn, sewell, seward
shanie, shayna, shanna, shaynah, shaine, shaina
shan, shanon, shannon, shanen
shantah, shanta, shanti
shanty, telle, shantelle
shas, shasmecka
sheehan, sheen
sheldon, shelton
shepherd, shep, sheppard, shepard, shepley
sherm, sherman, sherwin, sherborne
shirleen, sherey, shirlee, shirleigh, shurl, sherlie, shir, shirley, shirl, shurlie
sheridon, sheridan
shipley, shipton
shiri, shirah, shira
shoshanna, shosha, shoshana, shoshanah, shoshannah
shulamith, shulamit
shy, shyla, shylah
sia, siamak
sibel, siebel
siddie, sidonia, sydney, sidney, syd, sydell, sydel, sidne, sid, sydny, sidoney, sidell
sidwell, siddel
siegmund, sigismond, sigvard, sigmund, ziggy., sigismundo, siffre, siggy
sigfrid, sigfried
sigwald, sigurd, sigrid, sigrath
sylvestro, sly, silas, sylvester, syl, silvanus, silvestre, silvester, szilveszter, sil
siler, syler
silva, sylvana, silvia, sylwia, silvie, sylva, silvana, sylvia, zilvia, sylvie
simone, simona
siobhan, sinead
skeat, skeeter, skeet, skeets
skip, skipp, skipper, skippy
sklerijenn, sklaer
skyrah, skyla
sloan, slone, sloane
susmita, smita
smitty, smythe, smith, smyth, smits
snowden, snow, snowdun
sofronio, sophronio
sonal, sonali
sonia, sonya, sonja
sunnie, sunny, sunday, sunnee
sukey, susi, susannah, sukie, soos, susy, soozie, susette, suzanne, suzanna, sue, susanne, susanna, susie, suzy, suzette, suzie, suisan, susan, sue anne, suse, sue ellen, sosana, zsa zsa
sora, sorano
tor, soren, thordis, thorbert, thor
spaulding, spalding
spencer, spence, spenser
stasia, stasya, staci
stanfield, stanton, stanway, stanleigh, stanford, standish, stanwick, stanmore, stanhope, stanbury, stanly, stanley, stanwyck, stanberry
starla, star, stellar, starling, starr, stela
stearn, stearne, sterne, stern
steinway, steen, stein, stine, steinbeck, steiner, steinberg, steyn, styne, steinmetz
stu, stewart, stew, stuart, steward
stokley, stockton, stockman, stockwell
stod, stroude, stroud
storme, storm, stormie, stormy
sudarshan, sudarsana
sutton, sundy, sutherland, sutcliff, suffield
sulio, suliau, suliag
sullyvan, sullivan
sumenor, sumner, sumnor
sumey, sumy
sundip, sundeep
sunita, sunrita
svend, swen, swensen, swenson, svensen, sven, svenson
swaine, swain, swayze, swayne
sweeney, sweeny
taburer, tabor, tabby, tab, taber, tabbert
tabitha, tabbie, tabbi, tabatha
taborah, taborri
tawi, tacincala
thaddeus, tad, thaddeaus, taddy, tadeusz, thadea, thaddea, thad, tadda, thaddaus, tadgh, thada, tadeo, taddeo
teague, tadhg
tighe, tigh, tye, tynan, talitha, tiegh, tie, talya, tai
tailor, taylor, tay
tain, tine, tyne
tat, taite, taitum, tayte, tatum, tait
tal, taline, taleen, talyn
tamah, tama
tamary, tamarind, tamika, tamar, tamarah, tamara
tambrey, tambree
tamsyn, tami
tammie, tammy
tamson, thomasssa, thomasa, thomasina, tommie, thomasine, tamsin, tomasina, tamsen
tavis, tavish, tav, tevis
tatiana, tania, tatjana, tani, tanya, tan
tanasha, tenyasha
tancredo, tancrede
taryn, taria
tarasios, taras
tareeq, tariq, tareek, taric, tareec, tarik
tareva-chine(shanay), tu-sha
tavia, taves
tawnie, tawny
taylar, tayla
taylie, thalius, taylee, thalia
teara, tiara
tekla, thekla
teliau, telo
telma, thelma
tempestt, tempest
tenenan, tenedor, tinidor
tennessee, tennison, tenny
theo, teoboldo, theobold, thibaud, tybalt, thebault, thibaut, tibalt
terry, tera, terra
terrence, teri, terencio, terence, terentius, terance
terenna, terrena, terena, terrenna
tracey, tessica, toireasa, therese, tessie, teresa, tessy, teressa, theresa, tracie, terri, tracy, tressa
thurman, thormond, thorald, thurlow, torold, thorburn, thurmon, thurmond, thorley, terrell, thurber
tex, texcean
timora, timothea
thyrza, tyrza, tirza, thirza
tora, thordia, thora
thorn, thornley, thorne, thorndyke thornton
thurstin, turstan, thurston
tiana, tianna, tia
tiegs, tiegan, tiegy
tien, tienette, tiena
tiernan, tyrnan, tierney
timon, timoteo, timotheus, timothy, timmie, timmy, tim, timo
timur, tomor
titus, titan
toa, toakase
tobey, tobin, tova, tobia, toby, tobias, tobiah, tobit
tod, todd
toley, tolena
tomlin, tomkin, tompkin
vic, vicki, victory, torry, vitoria, vickie, torrey, tori, victoria, torey, victoire, torri, viktoria, torr, vicky, toria, torrance, victorienne
townley, towne, townsend, townes
trahern, trahaearn
trever, travis, travers
trefor, trevor
tremayne, tremaine
tremeur, treveur
trent, trenton
treve, treva
trifina, trifin, trifine
triny, trin, trinity, triniti
tristram, tristan
trueman, truman, truesdale
tucker, tuckman, tuck
tugen, tujen, tujan
turio, turiau
turien, urien
twyla, twila
tyrek, tyrus, tyanne, ty
tyler, tylor
tyrone, tyron
udolf, ulger, ulu, ull, ulrick, ulric, ulrich
ugron, ugor
ulises, ulysses, uilioc
ulandus, uland
ulrike, ulrica, ulrika
upshaw, upton
urbaine, urban, urbanus, urbano, urbane
urie, uri
uriah, uria
uriell, uriel
usagi, usa
uta, ute
vyacheslav, vaclav
vadim, wadim, vadik, wadik
vail, valle, vayle, vale, val
valarie, vallie, valentiane, valerie, valeria, valeda, valentina, vallerie, valentine, valina, valerian, vally, valtina, valery
valentin, valentino, valente
valisa, vall
von, van
wanda, wenda, wendy, vanda, wandis, wendeline
vanya, wanja, wania, vania, wanya, vanja
yannig, yannick, vann
vartan, varden
vasilios, vassily, wasily
vaughn, vaughan
vedis, veda
velita, voleta
vencel, wenzel
verina, verine, verouska, vera, vere, verenia, verena, verin
verita, verity
vita, vitas, vitia, verta
vesper, vespera
vial, viau, vital
vibiana, vivie, viviana, vivian, vivianne, vivien, viveca, vyvyan, viv, vivienne, vivyan, vivyen
vittorio, vitorio, viktor, vick, vince, victor
vida, vid, vidos
vinko, vincent
vineeta, vinita
viola, violet
vlad, vladislav, wolodymyr, vladimir
wade, wasdsorth, wadley
whoopi, yippee, wahoo, yahoo
wakeman, wake, wakefield, wakeley
walburg, walburga
waldo, waldemar, waldemarr, walfred, waldorf, walden
wallie, wallace, welsh, wallach, wallis, walsh, welch, wallas
walton, waller
walram, wolfram
warfield, warton, warford, wardley, warmond, warden, warwick, wardell, ward, warley
warrener, warin, wareine, warren
werner, warner
wayland, waylon, way
wayde, waydee
webb, webster, webley, weber
wendell, wedel, wendel
wynne, wynnie, wynn, weeny
welles, weller, weldon, wells, welborne, welby, welford, welton
winona, wenona, winonah
wes, wesley, wess, wessely
weston, west, westcott, westby, westbrook, westleigh
whitey, whitfield, whitford, whitcomb, whittaker, whitby, whitlock, whitelaw, whitmore, white, whitman, whit, whitley
wilfrid, wilfred, wilfried
winfred, winthrop, winchell, wynton, winfield, winward, winslow, wingate, windsor, winfrey
windham, wyndam
winston, wystan
winter, winters, wynter
wolfie, wolfgang, wolfe, woolsey, wolf, wolcott
wolfhard, wulfhard, wolfhart
woodward, woodie, woodruff, woodrow, woody
wyeth, wyatt
xian, xan, xoan
xenia, xena
zylona, zylina, xylina, xylona
yael, yale
yamni, yamini
yann, yan, yannic, yanni
yancy, yank
yannis, yanis
yari, yaravi, yara
yashodhara, yashodhar
yidel, ydel
yedda, yetta
yehudi, yehuda
ylwa, ylva
yonina, yoninah
yorick, york
zacharias, zach, zacarius, zachary, zackry, zacharyah, zakary, zak, zaccaria, zacharie, zechairah, zachariah, zack
zaccheus, zaccheo
zizi, zaire, zahirah, zi, zaira
zane, zain
zakkai, zakai
zan, zanette
zari, zarry, zerlinda
zorina, zarya, zoradah, zorie, zoriana, zoranna, zora, zorah, zohra, zori, zorry
zeb, zebedeo
zedekiah, zed
zelnora, zee, zeela, zella, zelmora
zefirino, zefiro, zefferino
zelpha, zilpha
zenos, zen
zenina, zinovia, zena, zenobia, zenobie, zenna
zenais, zinaida, zina
zephirin, zephyr
zetico, zeth, zeticus
zeva, zvi, zivia, ziva, zev, zevie
zilla, zillah, zila
zilli, zili
zin, zinnia, zinia
zisel, zysel
zoe, zoey
zoellus, zoello
zombor, zsombor
zotia, zosia
zosimus, zosimos, zosimo
zotico, zoticus
zsuzsanna, zuzanny, zsusanna
zuleika, zuleyka